"Type","Address","Data","User","Wide"
"R","0x10","","196","T"
"R","0x9","","0x4b","F"
"W","24","0xd2","165","F"
"W","0x19","0x22da1ad4","255","T"
"R","32","","159","T"
"W","0x9","242","0xd2","F"
"W","2","0x42","0xc7","F"
"R","7","","0x0","T"
"W","16","0x0","0xff","F"
"R","0x3","","0xcb","T"
"W","0x10","241","0x0","F"
"R","0x16","","68","F"
"W","0x0","106","255","F"
"R","14","","0x4","T"
"R","0x16","","0xcb","F"
"R","0x17","","0xeb","T"
"W","0xc","4136432501","255","T"
"R","0x2","","104","T"
"W","0xb","0xe5","0x9b","F"
"W","16","1028510324","0x62","T"
"W","31","0xfb","7","F"
"R","22","","47","F"
"R","11","","0x0","T"
"R","0x16","","184","T"
"W","0x6","156","123","F"
"W","31","0xf7","0xe5","F"
"W","2","0x2a","120","F"
"W","0x2","0x8b2fe316","255","T"
"R","9","","77","F"
"R","6","","174","T"
"R","0xc","","0x67","F"
"W","0x1d","0xe0","0x22","F"
"R","0x3","","112","T"
"W","10","2006937030","162","T"
"R","0x1b","","0x0","F"
"W","0x18","172","0x23","F"
"R","0x5","","23","F"
"R","0x13","","0xe7","T"
"R","0x1d","","119","F"
"R","26","","0x94","T"
"W","0x14","314454867","0xc8","T"
"W","14","21","0","F"
"W","0x5","2437997186","245","T"
"R","0x1","","180","T"
"W","25","110","0x32","F"
"R","9","","114","T"
"W","0x17","0x64","206","F"
"R","0xd","","0x0","T"
"R","23","","69","T"
"R","0xf","","181","F"
"R","0x7","","0xd0","F"
"R","17","","0xde","F"
"W","0x1e","0xeb481d54","0xe0","T"
"W","0x5","3607782874","0x0","T"
"R","0x17","","0xef","F"
"R","0xa","","160","F"
"R","0xe","","27","F"
"R","11","","255","T"
"R","15","","253","T"
"R","0x14","","135","F"
"R","0x1f","","0x8e","T"
"R","13","","0x91","T"
"R","0x1d","","55","T"
"R","0x15","","146","F"
"R","0x13","","77","T"
"R","31","","0x45","F"
"W","0x2","82","0x8b","F"
"R","25","","0xe9","F"
"R","0x1c","","0x35","F"
"W","0x0","0x70","0xce","F"
"W","0xb","131457177","0x5f","T"
"R","0x20","","3","T"
"W","22","0x28","136","F"
"W","0x1e","28","0x29","F"
"R","13","","9","T"
"R","0x16","","0x16","F"
"R","0x9","","100","T"
"R","14","","0x2b","T"
"W","0x4","0x47f97fe1","104","T"
"R","0x15","","0x78","T"
"W","14","0xec","62","F"
"R","6","","255","F"
"W","1","0x2f","239","F"
"R","2","","115","F"
"W","0x1c","0x4f","217","F"
"W","0x19","0xb9","0x7d","F"
"R","0x0","","0x41","F"
"R","12","","54","F"
"W","0xa","0x2a","6","F"
"W","23","4080734076","165","T"
"W","0xd","0x36","0xc9","F"
"W","9","166","213","F"
"R","31","","0x46","T"
"R","0x2","","51","T"
"R","10","","125","T"
"W","0x12","0x48","255","F"
"W","0x16","0xe17f88cf","255","T"
"W","22","23","189","F"
"W","29","0x91615a14","0","T"
"W","5","79","0x45","F"
